# {"instrument":"MNQ 12-26","period":"3 Minute","session":"CME US Index Futures ETH","method":"BottomUp","source":"Median","ticksize":0.25,"tolerance":1,"minbars":3,"window":250,"atr":14,"exported":"2026-09-27T07:09:56"}
at_bar,event,pivot_bar,pivot_price
39,+,24,30844.875
40,-,24,30844.875
43,+,38,30853
45,-,38,30853
47,+,38,30853
47,+,44,30881.125
51,+,48,30878.5
52,-,48,30878.5
53,+,50,30904.5
55,+,48,30878.5
55,-,50,30904.5
56,+,50,30904.5
56,-,48,30878.5
63,+,60,30894.625
71,+,68,30872.125
75,+,72,30897.75
93,+,88,30878.125
95,+,92,30875.875
95,-,88,30878.125
103,+,100,30891.375
112,+,106,30890.75
113,-,106,30890.75
114,+,106,30890.75
115,+,112,30895.875
126,+,122,30851.625
127,-,122,30851.625
129,+,122,30851.625
131,+,120,30870.375
131,-,122,30851.625
132,+,122,30851.625
132,-,120,30870.375
146,+,140,30813.5
147,-,140,30813.5
151,+,140,30813.5
151,+,146,30789.875
153,+,150,30785.875
153,-,140,30813.5
153,-,146,30789.875
159,+,156,30835.75
168,+,162,30794.375
172,+,168,30774.375
178,+,172,30791
179,-,172,30791
180,+,172,30791
185,+,182,30771.5
186,-,182,30771.5
198,+,190,30769
199,-,190,30769
201,+,190,30769
201,+,198,30777.875
209,+,202,30739.25
210,-,202,30739.25
212,+,202,30739.25
213,+,210,30685.625
213,-,202,30739.25
218,+,214,30755.375
223,+,220,30786.5
225,-,220,30786.5
226,+,220,30786.5
230,+,222,30771.125
230,-,220,30786.5
231,+,220,30786.5
231,-,222,30771.125
234,+,222,30771.125
234,-,220,30786.5
235,+,220,30786.5
235,+,232,30767.875
235,-,222,30771.125
243,+,238,30820
246,+,242,30839
246,-,238,30820
253,+,248,30801.125
259,+,14,30813.875
259,+,24,30844.875
260,+,256,30827
260,-,14,30813.875
260,-,24,30844.875
262,+,24,30844.875
265,-,24,30844.875
266,+,24,30844.875
267,+,264,30790.125
267,-,24,30844.875
282,+,274,30794.5
285,-,38,30853
287,+,284,30764.5
291,-,44,30881.125
295,+,290,30779.625
297,-,50,30904.5
298,+,52,30879.125
299,-,52,30879.125
302,+,298,30754.75
304,-,60,30894.625
306,-,298,30754.75
307,+,298,30754.75
310,+,302,30769.375
311,+,308,30769.875
311,-,302,30769.375
315,-,68,30872.125
318,+,312,30884.125
319,+,76,30882.25
319,+,316,30916.5
319,-,72,30897.75
319,-,312,30884.125
320,-,76,30882.25
325,+,322,30918.625
326,-,322,30918.625
333,+,330,30970.375
333,-,92,30875.875
333,-,100,30891.375
333,-,106,30890.75
334,+,92,30875.875
334,+,100,30891.375
334,+,106,30890.75
334,+,328,30950
334,-,330,30970.375
335,+,330,30970.375
335,-,328,30950
336,+,332,30956.75
336,-,330,30970.375
338,+,94,30890.625
338,-,92,30875.875
338,-,100,30891.375
338,-,106,30890.75
341,+,100,30891.375
341,+,106,30890.75
341,+,338,30939
341,-,94,30890.625
342,-,100,30891.375
342,-,106,30890.75
342,-,338,30939
343,+,340,30921.625
346,+,106,30890.75
351,-,106,30890.75
353,+,348,30937.75
355,-,348,30937.75
357,+,348,30937.75
357,+,354,30899.25
358,-,348,30937.75
358,-,354,30899.25
359,+,348,30937.75
359,+,354,30899.25
359,-,112,30895.875
360,+,120,30870.375
360,+,126,30839.125
360,+,140,30813.5
360,-,122,30851.625
361,+,122,30851.625
361,-,120,30870.375
361,-,126,30839.125
361,-,140,30813.5
363,+,120,30870.375
363,+,126,30839.125
363,+,140,30813.5
363,-,122,30851.625
364,+,122,30851.625
364,-,120,30870.375
364,-,126,30839.125
364,-,140,30813.5
367,-,122,30851.625
368,+,122,30851.625
368,+,364,30925.5
369,+,126,30839.125
369,+,140,30813.5
369,-,122,30851.625
370,-,126,30839.125
370,-,140,30813.5
373,+,134,30835.25
374,+,368,30900.75
374,-,134,30835.25
375,+,140,30813.5
376,+,134,30835.25
376,-,140,30813.5
377,+,140,30813.5
377,+,374,30905.875
377,-,134,30835.25
378,-,140,30813.5
378,-,374,30905.875
384,+,378,30938.625
385,+,144,30809.125
385,+,376,30929.875
385,-,378,30938.625
386,+,382,30947.75
386,-,144,30809.125
386,-,376,30929.875
390,+,376,30929.875
390,-,382,30947.75
391,+,382,30947.75
391,-,376,30929.875
393,+,376,30929.875
393,+,390,30944.125
393,-,382,30947.75
394,+,382,30947.75
394,-,376,30929.875
394,-,390,30944.125
395,+,392,30932.25
397,-,150,30785.875
401,+,398,30979
403,-,156,30835.75
404,-,162,30794.375
405,+,162,30794.375
407,+,404,30979.625
407,-,162,30794.375
408,-,404,30979.625
411,+,408,31002.375
413,-,168,30774.375
413,-,172,30791
413,-,190,30769
415,+,172,30791
415,+,190,30769
415,+,412,30974.125
418,-,172,30791
418,-,190,30769
419,+,190,30769
420,-,190,30769
421,+,190,30769
423,+,420,30980.75
424,-,190,30769
426,+,190,30769
427,-,190,30769
427,-,420,30980.75
428,+,190,30769
428,+,420,30980.75
429,-,190,30769
431,+,428,31013
433,-,428,31013
434,+,190,30769
434,+,428,31013
435,+,432,31043.5
435,-,190,30769
441,+,438,31037.875
445,+,202,30739.25
445,-,198,30777.875
447,-,202,30739.25
454,+,448,31009.375
455,-,448,31009.375
457,+,448,31009.375
457,-,210,30685.625
461,+,458,31001.5
461,-,214,30755.375
465,-,220,30786.5
471,+,468,31055
477,+,474,31054.25
477,-,232,30767.875
478,-,474,31054.25
479,+,238,30820
479,+,476,31035.875
480,-,238,30820
488,-,242,30839
495,+,488,31053.875
495,-,248,30801.125
498,-,488,31053.875
499,+,488,31053.875
499,+,496,31049
500,+,492,31055.5
500,-,488,31053.875
500,-,496,31049
501,+,498,31059.625
501,-,492,31055.5
503,-,256,30827
510,+,506,31040
511,+,508,31047.875
511,-,264,30790.125
511,-,506,31040
517,-,274,30794.5
518,+,274,30794.5
518,+,514,31043
519,-,514,31043
520,-,508,31047.875
521,+,508,31047.875
521,+,514,31043
521,+,518,31018.5
521,-,274,30794.5
529,+,524,31024.625
530,-,524,31024.625
531,+,524,31024.625
531,-,284,30764.5
533,+,530,31052.125
533,-,524,31024.625
536,-,290,30779.625
537,+,534,31013.75
544,-,298,30754.75
547,+,544,31001
553,+,548,31010.75
555,-,308,30769.875
555,-,548,31010.75
556,+,310,30813.875
557,-,310,30813.875
558,+,312,30884.125
559,-,312,30884.125
560,+,548,31010.75
562,+,556,31009.375
562,-,548,31010.75
563,-,316,30916.5
564,+,324,30959.75
564,-,332,30956.75
565,+,332,30956.75
565,-,324,30959.75
568,+,324,30959.75
568,+,562,30999.5
568,-,332,30956.75
569,+,332,30956.75
569,-,324,30959.75
569,-,562,30999.5
570,+,324,30959.75
570,-,332,30956.75
571,+,328,30950
571,+,566,30997.625
571,-,324,30959.75
572,+,332,30956.75
572,-,328,30950
573,-,332,30956.75
575,+,332,30956.75
577,-,332,30956.75
578,+,334,30911.75
578,-,340,30921.625
579,+,574,31022.375
581,+,340,30921.625
581,-,334,30911.75
583,+,580,31015.5
583,-,340,30921.625
585,-,348,30937.75
589,+,348,30937.75
591,-,348,30937.75
592,+,588,31041.25
598,+,592,31046.5
599,+,596,31048
599,-,592,31046.5
600,+,358,30897.25
600,-,354,30899.25
601,-,358,30897.25
603,+,600,31029.5
611,-,364,30925.5
615,+,374,30905.875
615,-,368,30900.75
616,+,376,30929.875
616,-,374,30905.875
617,-,376,30929.875
621,+,618,31035.375
622,+,376,30929.875
623,-,376,30929.875
623,-,618,31035.375
624,+,618,31035.375
629,+,396,30940.625
629,-,382,30947.75
629,-,392,30932.25
629,-,398,30979
630,+,392,30932.25
630,+,398,30979
630,-,396,30940.625
631,+,628,31053
635,+,396,30940.625
635,+,632,31086.75
635,-,392,30932.25
635,-,398,30979
636,+,390,30944.125
637,+,392,30932.25
637,+,398,30979
637,-,390,30944.125
637,-,396,30940.625
639,+,396,30940.625
639,-,392,30932.25
639,-,398,30979
640,+,398,30979
640,-,396,30940.625
645,+,642,31041
645,-,398,30979
646,-,642,31041
647,+,642,31041
655,+,650,31052.125
655,-,408,31002.375
655,-,412,30974.125
656,+,412,30974.125
656,-,650,31052.125
658,+,650,31052.125
659,-,412,30974.125
660,-,650,31052.125
661,+,650,31052.125
665,+,662,31028.5
667,-,420,30980.75
672,+,668,31045
675,-,428,31013
679,+,436,31038.75
679,+,444,31027.5
679,+,674,31014.5
679,-,432,31043.5
679,-,438,31037.875
681,+,438,31037.875
681,-,436,31038.75
681,-,444,31027.5
682,+,436,31038.75
682,+,444,31027.5
682,-,438,31037.875
683,-,436,31038.75
684,+,438,31037.875
684,-,444,31027.5
685,+,444,31027.5
685,-,438,31037.875
686,+,440,31023.875
686,-,444,31027.5
686,-,448,31009.375
687,+,448,31009.375
687,-,440,31023.875
688,+,682,31018.375
688,-,448,31009.375
689,-,682,31018.375
691,+,448,31009.375
694,-,448,31009.375
695,+,692,31030
696,+,682,31018.375
696,+,688,31030.625
696,-,692,31030
697,+,694,31022.875
697,-,682,31018.375
697,-,688,31030.625
698,+,682,31018.375
698,+,688,31030.625
698,-,694,31022.875
699,+,696,31003.875
705,-,458,31001.5
708,+,700,31015.5
709,+,706,31034.25
709,-,700,31015.5
710,-,706,31034.25
711,+,706,31034.25
715,-,468,31055
718,+,714,31019.125
719,+,716,31018.125
719,-,714,31019.125
720,+,714,31019.125
720,-,716,31018.125
721,+,718,31026.875
723,+,488,31053.875
723,+,492,31055.5
723,-,476,31035.875
725,+,722,31000
725,-,488,31053.875
725,-,492,31055.5
727,+,492,31055.5
729,+,726,30999.625
737,+,734,30919.75
739,-,492,31055.5
743,+,740,30954.125
745,-,498,31059.625
748,+,502,31040.375
748,-,508,31047.875
749,+,746,30926.375
749,-,502,31040.375
758,+,750,30950.125
759,-,750,30950.125
760,+,750,30950.125
761,-,514,31043
762,+,756,30959.375
762,-,750,30950.125
763,+,750,30950.125
763,-,756,30959.375
765,+,524,31024.625
765,+,756,30959.375
765,+,762,30949.625
765,-,518,31018.5
765,-,750,30950.125
767,-,524,31024.625
771,+,768,30978.25
777,-,530,31052.125
781,+,778,30850.25
781,-,534,31013.75
782,-,778,30850.25
783,+,780,30847.75
788,+,784,30725
789,+,786,30681.75
789,-,784,30725
791,-,544,31001
792,+,784,30725
792,+,788,30667.5
792,-,786,30681.75
794,+,548,31010.75
794,-,556,31009.375
795,+,556,31009.375
795,-,548,31010.75
796,-,556,31009.375
798,+,792,30714.875
799,+,796,30727
799,-,792,30714.875
801,-,796,30727
802,+,792,30714.875
803,+,798,30804.25
811,-,566,30997.625
812,+,566,30997.625
813,-,566,30997.625
816,+,808,30809.625
817,-,574,31022.375
818,+,574,31022.375
818,-,808,30809.625
819,+,808,30809.625
820,-,574,31022.375
822,-,808,30809.625
823,+,808,30809.625
823,+,816,30747.5
827,-,580,31015.5
828,+,582,31031.75
828,-,588,31041.25
829,+,588,31041.25
829,-,582,31031.75
830,-,588,31041.25
834,+,828,30727
835,+,832,30738.5
835,-,828,30727
843,+,838,30677.25
843,-,596,31048
847,+,606,31032.375
847,+,844,30664.875
847,-,600,31029.5
848,-,844,30664.875
849,+,846,30709.875
849,-,606,31032.375
851,+,844,30664.875
851,-,846,30709.875
852,+,608,31027.625
852,-,618,31035.375
852,-,844,30664.875
853,+,618,31035.375
853,+,846,30709.875
853,+,850,30680.75
853,-,608,31027.625
854,+,608,31027.625
854,-,618,31035.375
855,+,618,31035.375
855,+,852,30695.875
855,-,608,31027.625
855,-,846,30709.875
855,-,850,30680.75
856,+,846,30709.875
856,+,850,30680.75
856,-,618,31035.375
856,-,852,30695.875
858,+,618,31035.375
858,+,854,30733.75
860,-,618,31035.375
863,+,860,30760.875
865,-,860,30760.875
870,+,866,30761.875
875,-,628,31053
876,+,872,30740.375
879,-,632,31086.75
885,+,880,30759.875
887,+,884,30763
887,-,880,30759.875
889,-,642,31041
889,-,650,31052.125
891,+,650,31052.125
891,+,880,30759.875
891,+,886,30750.5
891,-,884,30763
892,+,884,30763
892,-,880,30759.875
892,-,886,30750.5
897,+,892,30763
897,-,650,31052.125
898,-,892,30763
899,+,892,30763
901,+,898,30737.625
901,-,892,30763
907,-,662,31028.5
908,+,662,31028.5
909,+,906,30757.75
909,-,662,31028.5
910,+,670,31041.125
910,-,668,31045
911,+,668,31045
911,-,670,31041.125
912,+,670,31041.125
912,-,668,31045
914,+,668,31045
914,-,670,31041.125
915,-,668,31045
920,+,914,30771.75
921,+,918,30773.375
921,-,674,31014.5
921,-,914,30771.75
924,-,682,31018.375
925,+,682,31018.375
926,-,682,31018.375
926,-,918,30773.375
927,+,918,30773.375
927,+,924,30802.625
929,+,694,31022.875
929,+,700,31015.5
929,-,688,31030.625
929,-,696,31003.875
930,+,688,31030.625
930,+,696,31003.875
930,-,694,31022.875
930,-,700,31015.5
935,+,694,31022.875
935,+,700,31015.5
935,-,688,31030.625
935,-,696,31003.875
936,+,692,31030
936,+,696,31003.875
936,+,932,30784.25
936,-,694,31022.875
936,-,700,31015.5
937,-,692,31030
943,+,700,31015.5
943,-,696,31003.875
944,+,936,30796.5
945,-,700,31015.5
947,+,944,30788.625
950,-,944,30788.625
951,+,944,30788.625
952,-,944,30788.625
953,+,944,30788.625
953,+,948,30771.25
953,-,706,31034.25
954,-,944,30788.625
954,-,948,30771.25
956,+,944,30788.625
956,+,948,30771.25
957,-,714,31019.125
957,-,944,30788.625
957,-,948,30771.25
958,+,954,30763.375
959,+,714,31019.125
959,-,954,30763.375
960,-,714,31019.125
963,+,954,30763.375
963,+,958,30764.375
965,-,718,31026.875
965,-,958,30764.375
966,+,958,30764.375
967,+,964,30730.375
969,-,722,31000
973,-,726,30999.625
974,+,728,30962
975,+,972,30738.75
975,-,728,30962
979,+,976,30713.25
981,+,736,30951.5
981,-,734,30919.75
981,-,740,30954.125
983,+,740,30954.125
983,-,736,30951.5
985,-,740,30954.125
988,+,982,30744.375
993,-,746,30926.375
995,+,992,30749.5
999,+,996,30722.625
999,-,756,30959.375
1003,+,1000,30745
1006,+,1002,30718
1006,-,1000,30745
1009,-,762,30949.625
1015,-,768,30978.25
1017,+,1008,30732.375
1018,+,772,30921.25
1019,-,772,30921.25
1022,+,1014,30743.75
1022,-,1008,30732.375
1023,+,1008,30732.375
1023,+,1020,30738
1023,-,1014,30743.75
1025,+,1014,30743.75
1025,+,1022,30720.125
1025,-,1008,30732.375
1025,-,1020,30738
1026,+,1008,30732.375
1026,+,1020,30738
1026,-,1014,30743.75
1026,-,1022,30720.125
1027,+,1014,30743.75
1027,+,1022,30720.125
1027,-,780,30847.75
1027,-,1008,30732.375
1027,-,1020,30738
1028,-,784,30725
1029,+,784,30725
1031,-,784,30725
1034,+,1008,30732.375
1034,+,1020,30738
1034,+,1024,30713.25
1034,-,1014,30743.75
1034,-,1022,30720.125
1035,+,1014,30743.75
1035,+,1022,30720.125
1035,-,788,30667.5
1035,-,1008,30732.375
1035,-,1020,30738
1035,-,1024,30713.25
1037,+,1008,30732.375
1037,+,1020,30738
1037,+,1024,30713.25
1037,-,1014,30743.75
1037,-,1022,30720.125
1038,+,1034,30695.125
1039,-,792,30714.875
1040,-,1034,30695.125
1041,+,1034,30695.125
1043,+,1040,30696.75
1043,-,1034,30695.125
1045,-,798,30804.25
1048,-,808,30809.625
1051,+,1048,30660.5
1054,+,808,30809.625
1055,+,1052,30694.75
1055,-,808,30809.625
1059,+,1056,30677.25
1059,-,816,30747.5
1063,+,820,30738.375
1065,+,1062,30707.875
1065,-,820,30738.375
1071,+,1068,30688.5
1075,+,1070,30705.375
1075,-,1068,30688.5
1079,-,832,30738.5
1081,+,1078,30645.125
1084,+,1080,30592.125
1084,-,1078,30645.125
1085,+,844,30664.875
1085,-,838,30677.25
1085,-,846,30709.875
1086,+,846,30709.875
1086,-,844,30664.875
1087,+,1084,30620.625
1093,-,846,30709.875
1097,-,850,30680.75
1101,+,860,30760.875
1101,+,1096,30579.125
1101,-,854,30733.75
1101,-,866,30761.875
1103,+,866,30761.875
1103,+,1100,30541.5
1103,-,860,30760.875
1103,-,1096,30579.125
1104,-,866,30761.875
1108,+,862,30742.125
1108,-,872,30740.375
1109,+,872,30740.375
1109,-,862,30742.125
1110,+,866,30761.875
1111,+,1108,30582.875
1111,-,866,30761.875
1111,-,872,30740.375
1112,+,866,30761.875
1112,+,872,30740.375
1113,-,866,30761.875
1113,-,872,30740.375
1114,+,872,30740.375
1115,+,1112,30623.25
1119,+,892,30763
1119,+,1116,30605
1119,-,872,30740.375
1119,-,884,30763
1120,-,1116,30605
1121,+,884,30763
1121,-,892,30763
1122,+,1116,30605
1123,+,1120,30570.875
1123,-,1116,30605
1125,+,892,30763
1125,-,884,30763
1127,+,1124,30495.25
1130,+,886,30750.5
1131,-,886,30750.5
1132,+,886,30750.5
1133,-,886,30750.5
1133,-,892,30763
1134,+,892,30763
1139,-,892,30763
1140,+,1136,30421.625
1143,-,898,30737.625
1144,+,898,30737.625
1145,+,900,30769.75
1145,-,898,30737.625
1147,-,900,30769.75
1148,-,906,30757.75
1149,+,906,30757.75
1150,-,906,30757.75
1151,+,1148,30455.75
1157,+,1154,30386.125
1163,+,1160,30440.875
1165,-,918,30773.375
1165,-,1160,30440.875
1166,+,1160,30440.875
1171,-,924,30802.625
1172,+,1166,30448.125
1173,+,1170,30434.75
1173,-,1166,30448.125
1175,-,932,30784.25
1176,+,944,30788.625
1176,-,936,30796.5
1178,+,936,30796.5
1178,-,944,30788.625
1179,+,944,30788.625
1179,+,1176,30498.875
1179,-,936,30796.5
1181,+,936,30796.5
1181,-,944,30788.625
1183,+,944,30788.625
1183,-,936,30796.5
1185,+,1180,30492.5
1185,-,944,30788.625
1186,-,1180,30492.5
1188,+,1184,30473.375
1189,-,1184,30473.375
1192,+,1186,30488
1193,+,1190,30485.875
1193,-,1186,30488
1194,+,1186,30488
1194,-,1190,30485.875
1199,+,1196,30437
1200,-,954,30763.375
1200,-,1186,30488
1200,-,1196,30437
1201,+,1186,30488
1201,+,1198,30440.25
1202,-,958,30764.375
1203,+,958,30764.375
1204,-,958,30764.375
1205,+,1200,30445.875
1205,-,1186,30488
1205,-,1198,30440.25
1207,+,1186,30488
1207,+,1198,30440.25
1207,-,1200,30445.875
1208,+,1200,30445.875
1208,-,1186,30488
1208,-,1198,30440.25
1209,+,1206,30499.125
1211,-,964,30730.375
1215,+,1212,30430.25
1219,+,978,30713.75
1219,-,972,30738.75
1219,-,976,30713.25
1220,+,976,30713.25
1220,-,978,30713.75
1223,+,978,30713.75
1223,+,1220,30497.75
1223,-,976,30713.25
1224,-,978,30713.75
1224,-,1220,30497.75
1225,+,1220,30497.75
1227,+,1224,30513.625
1227,-,1220,30497.75
1228,-,982,30744.375
1233,+,1230,30517.625
1236,-,992,30749.5
1237,+,992,30749.5
1238,-,992,30749.5
1239,+,1236,30590.875
1240,-,1236,30590.875
1241,+,1238,30547.375
1243,-,996,30722.625
1245,+,1242,30604.25
1249,-,1002,30718
1249,-,1242,30604.25
1250,+,1242,30604.25
1251,+,1248,30605.75
1252,+,1006,30738.75
1252,-,1008,30732.375
1252,-,1248,30605.75
1253,+,1008,30732.375
1253,-,1006,30738.75
1254,-,1008,30732.375
1255,+,1250,30616.625
1256,-,1250,30616.625
1257,+,1250,30616.625
1259,+,1256,30600.5
1259,-,1250,30616.625
1260,+,1250,30616.625
1260,-,1256,30600.5
1264,-,1020,30738
1268,+,1264,30520.875
1269,-,1264,30520.875
1270,+,1034,30695.125
1270,-,1024,30713.25
1271,+,1258,30559.125
1271,-,1034,30695.125
1272,+,1026,30720
1272,+,1034,30695.125
1272,+,1264,30520.875
1272,-,1258,30559.125
1273,+,1258,30559.125
1273,-,1026,30720
1273,-,1034,30695.125
1273,-,1264,30520.875
1274,+,1264,30520.875
1274,-,1258,30559.125
1275,+,1034,30695.125
1275,+,1270,30510.875
1275,-,1264,30520.875
1276,+,1264,30520.875
1276,-,1034,30695.125
1276,-,1270,30510.875
1277,+,1270,30510.875
1277,-,1264,30520.875
1279,+,1264,30520.875
1279,-,1270,30510.875
1280,+,1270,30510.875
1280,-,1264,30520.875
1281,+,1278,30558
1286,+,1042,30664.625
1286,-,1040,30696.75
1287,+,1284,30532.625
1289,-,1042,30664.625
1293,+,1290,30682.125
1295,-,1048,30660.5
1298,+,1294,30779.5
1299,-,1052,30694.75
1299,-,1294,30779.5
1300,+,1058,30681.875
1300,+,1294,30779.5
1300,-,1056,30677.25
1301,+,1056,30677.25
1301,+,1296,30768.25
1301,-,1058,30681.875
1301,-,1294,30779.5
1303,+,1058,30681.875
1303,+,1294,30779.5
1303,-,1056,30677.25
1303,-,1296,30768.25
1304,-,1058,30681.875
1305,+,1296,30768.25
1305,-,1294,30779.5
1307,+,1302,30802.375
1309,-,1062,30707.875
1310,+,1064,30691.625
1311,-,1064,30691.625
1317,+,1078,30645.125
1317,-,1070,30705.375
1317,-,1080,30592.125
1319,+,1080,30592.125
1319,-,1078,30645.125
1321,+,1314,30697.25
1322,-,1314,30697.25
1323,+,1314,30697.25
1325,+,1322,30659.375
1325,-,1314,30697.25
1327,-,1080,30592.125
1331,+,1088,30595.375
1331,+,1328,30733.5
1331,-,1084,30620.625
1332,+,1096,30579.125
1332,-,1088,30595.375
1332,-,1328,30733.5
1333,-,1096,30579.125
1334,+,1328,30733.5
1336,+,1096,30579.125
1336,-,1328,30733.5
1337,-,1096,30579.125
1340,+,1328,30733.5
1341,+,1096,30579.125
1341,+,1338,30775.875
1341,-,1328,30733.5
1343,-,1096,30579.125
1346,+,1342,30741.125
1347,-,1100,30541.5
1348,+,1102,30565.625
1348,-,1108,30582.875
1349,+,1108,30582.875
1349,-,1102,30565.625
1351,-,1108,30582.875
1352,+,1108,30582.875
1353,-,1108,30582.875
1354,+,1108,30582.875
1355,-,1108,30582.875
1359,-,1112,30623.25
1360,+,1350,30755.625
1361,+,1358,30774.875
1361,-,1350,30755.625
1365,-,1120,30570.875
1370,+,1366,30678.75
1371,+,1128,30475.875
1371,-,1124,30495.25
1372,-,1128,30475.875
1375,+,1370,30671.375
1381,+,1144,30425.625
1381,-,1136,30421.625
1382,+,1376,30717.75
1383,+,1380,30737.75
1383,-,1376,30717.75
1385,-,1144,30425.625
1394,+,1388,30712.375
1395,-,1148,30455.75
1401,-,1154,30386.125
1402,+,1394,30731.375
1403,+,1400,30731.875
1403,-,1394,30731.375
1406,-,1160,30440.875
1409,+,1406,30715.25
1414,+,1410,30727.75
1415,+,1412,30727.25
1415,-,1410,30727.75
1417,-,1170,30434.75
1421,+,1418,30693.375
1422,+,1180,30492.5
1422,-,1176,30498.875
1423,+,1186,30488
1423,-,1180,30492.5
1425,-,1186,30488
1427,+,1186,30488
1428,-,1186,30488
1429,+,1426,30698.125
1430,-,1426,30698.125
1431,+,1186,30488
1431,+,1426,30698.125
1433,+,1192,30456.875
1433,-,1186,30488
1435,+,1432,30695.25
1435,-,1192,30456.875
1437,+,1192,30456.875
1438,-,1192,30456.875
1440,+,1198,30440.25
1440,-,1200,30445.875
1441,+,1200,30445.875
1441,-,1198,30440.25
1444,+,1202,30452.5
1444,-,1200,30445.875
1445,+,1200,30445.875
1445,+,1442,30709.125
1445,-,1202,30452.5
1446,-,1200,30445.875
1450,+,1446,30774.125
1451,+,1448,30778.25
1451,-,1446,30774.125
1452,+,1446,30774.125
1452,-,1448,30778.25
1453,-,1206,30499.125
1455,+,1452,30773
1459,-,1212,30430.25
1460,-,1224,30513.625
1461,+,1224,30513.625
1461,+,1458,30777.875
1462,-,1224,30513.625
1469,+,1462,30801.5
1471,+,1468,30803.875
1471,-,1462,30801.5
1472,+,1226,30517.125
1472,+,1232,30584.125
1472,-,1230,30517.625
1473,+,1230,30517.625
1473,-,1226,30517.125
1473,-,1232,30584.125
1474,+,1232,30584.125
1474,-,1230,30517.625
1475,+,1472,30766.75
1479,-,1232,30584.125
1485,-,1238,30547.375
1486,-,1242,30604.25
1487,+,1242,30604.25
1488,+,1482,30801.125
1488,-,1242,30604.25
1495,+,1488,30798.125
1496,+,1252,30619
1496,+,1264,30520.875
1496,-,1250,30616.625
1496,-,1270,30510.875
1497,+,1256,30600.5
1497,+,1494,30797.375
1497,-,1252,30619
1497,-,1488,30798.125
1498,+,1270,30510.875
1498,-,1256,30600.5
1498,-,1264,30520.875
1500,+,1264,30520.875
1500,-,1270,30510.875
1502,+,1270,30510.875
1502,-,1264,30520.875
1504,+,1500,30786.875
1505,+,1264,30520.875
1505,-,1270,30510.875
1506,+,1270,30510.875
1506,-,1264,30520.875
1508,+,1502,30772.75
1508,-,1500,30786.875
1509,+,1500,30786.875
1509,-,1502,30772.75
1511,+,1506,30774
1512,-,1270,30510.875
1512,-,1278,30558
1513,+,1278,30558
1514,-,1278,30558
1518,+,1278,30558
1519,+,1514,30786.875
1520,-,1514,30786.875
1521,+,1514,30786.875
1521,-,1278,30558
1522,+,1278,30558
1523,+,1520,30780.5
1523,-,1514,30786.875
1524,-,1278,30558
1527,+,1524,30806.25
1531,+,1286,30706.5
1531,+,1528,30797.375
1531,-,1284,30532.625
1533,-,1286,30706.5
1536,+,1532,30847
1536,-,1290,30682.125
1536,-,1296,30768.25
1537,+,1296,30768.25
1538,+,1534,30855.75
1538,-,1532,30847
1539,+,1532,30847
1539,+,1536,30858
1539,-,1534,30855.75
1540,+,1294,30779.5
1540,+,1534,30855.75
1540,-,1296,30768.25
1540,-,1532,30847
1540,-,1536,30858
1541,+,1532,30847
1541,-,1294,30779.5
1541,-,1534,30855.75
1542,+,1534,30855.75
1542,-,1532,30847
1543,+,1540,30858.25
1548,-,1302,30802.375
1549,+,1546,30895.875
1562,+,1556,30871.5
1568,+,1564,30887.375
1569,+,1328,30733.5
1569,-,1322,30659.375
1569,-,1564,30887.375
1571,+,1564,30887.375
1571,-,1328,30733.5
1573,+,1570,30890.25
1573,-,1564,30887.375
1575,+,1564,30887.375
1575,-,1570,30890.25
1579,+,1572,30868.125
1581,-,1572,30868.125
1582,+,1572,30868.125
1583,-,1572,30868.125
1584,+,1572,30868.125
1585,+,1582,30849.5
1585,-,1338,30775.875
1589,+,1346,30761.125
1589,-,1342,30741.125
1590,-,1346,30761.125
1593,+,1590,30921.25
1605,-,1358,30774.875
1607,+,1602,30955.25
1609,+,1604,30954.75
1609,-,1366,30678.75
1609,-,1602,30955.25
1610,+,1602,30955.25
1610,-,1604,30954.75
1616,+,1610,30941
1616,-,1370,30671.375
1617,-,1610,30941
1621,+,1614,30938.25
1622,-,1614,30938.25
1624,+,1614,30938.25
1625,+,1622,30906
1625,-,1614,30938.25
1627,-,1380,30737.75
1629,+,1626,30935.75
1631,-,1388,30712.375
1632,+,1388,30712.375
1635,+,1394,30731.375
1635,-,1388,30712.375
1635,-,1400,30731.875
1636,+,1400,30731.875
1636,-,1394,30731.375
1640,+,1634,30921
1643,+,1640,30925.375
1643,-,1400,30731.875
1647,+,1644,30965.375
1648,-,1644,30965.375
1649,+,1646,30979.125
1650,+,1404,30715.5
1650,-,1406,30715.25
1651,-,1404,30715.5
1659,-,1412,30727.25
1665,+,1662,30970
1665,-,1418,30693.375
1666,+,1420,30698
1667,-,1420,30698
1668,+,1428,30718.75
1668,-,1426,30698.125
1669,+,1426,30698.125
1669,+,1666,30926.375
1669,-,1428,30718.75
1671,+,1428,30718.75
1671,-,1426,30698.125
1674,+,1668,30935.625
1674,-,1666,30926.375
1675,+,1666,30926.375
1675,-,1428,30718.75
1675,-,1668,30935.625
1677,+,1668,30935.625
1677,-,1666,30926.375
1679,-,1432,30695.25
1681,+,1674,30892.125
1683,+,1680,30867.625
1683,-,1674,30892.125
1687,+,1684,30902.625
1689,-,1442,30709.125
1693,+,1454,30803.75
1693,+,1690,30794.625
1693,-,1446,30774.125
1693,-,1452,30773
1694,+,1452,30773
1694,-,1454,30803.75
1698,+,1454,30803.75
1698,-,1452,30773
1699,+,1696,30867.5
1700,-,1696,30867.5
1701,+,1698,30913.125
1701,-,1454,30803.75
1705,+,1462,30801.5
1705,-,1458,30777.875
1706,+,1702,30780.625
1706,-,1462,30801.5
1709,+,1706,30713.125
1715,-,1468,30803.875
1719,+,1476,30769.875
1719,-,1472,30766.75
1721,+,1718,30794
1721,-,1476,30769.875
1723,-,1718,30794
1724,+,1718,30794
1725,+,1722,30861.75
1729,+,1488,30798.125
1729,-,1482,30801.125
1731,-,1488,30798.125
1732,-,1494,30797.375
1733,+,1494,30797.375
1733,+,1730,30836.875
1734,-,1730,30836.875
1735,+,1730,30836.875
1736,-,1494,30797.375
1736,-,1730,30836.875
1737,+,1494,30797.375
1739,+,1734,30770.25
1740,-,1494,30797.375
1740,-,1500,30786.875
1741,+,1738,30771.125
1741,-,1734,30770.25
1742,+,1496,30784.125
1742,-,1506,30774
1743,+,1500,30786.875
1743,+,1506,30774
1743,-,1496,30784.125
1744,-,1500,30786.875
1744,-,1506,30774
1745,+,1742,30926.125
1746,+,1502,30772.75
1746,+,1734,30770.25
1746,+,1740,30875.125
1746,-,1738,30771.125
1746,-,1742,30926.125
1747,+,1738,30771.125
1747,+,1744,30927.375
1747,-,1734,30770.25
1747,-,1740,30875.125
1749,+,1506,30774
1749,-,1502,30772.75
1750,-,1506,30774
1751,+,1748,30885.25
1756,+,1514,30786.875
1757,-,1514,30786.875
1759,+,1514,30786.875
1760,-,1514,30786.875
1767,-,1520,30780.5
1771,-,1524,30806.25
1775,-,1528,30797.375
1778,+,1768,30919.25
1781,-,1534,30855.75
1784,+,1772,30895.25
1784,-,1768,30919.25
1785,+,1768,30919.25
1785,+,1778,30899.875
1785,-,1772,30895.25
1786,+,1772,30895.25
1786,-,1768,30919.25
1786,-,1778,30899.875
1787,+,1768,30919.25
1787,+,1778,30899.875
1787,-,1540,30858.25
1787,-,1772,30895.25
1788,-,1778,30899.875
1789,+,1772,30895.25
1789,+,1786,30921.75
1789,-,1768,30919.25
1790,+,1768,30919.25
1790,-,1772,30895.25
1790,-,1786,30921.75
1791,+,1788,30905.5
1793,+,1548,30895.25
1793,+,1772,30895.25
1793,+,1786,30921.75
1793,-,1546,30895.875
1793,-,1768,30919.25
1793,-,1788,30905.5
1794,+,1768,30919.25
1794,+,1788,30905.5
1794,-,1548,30895.25
1794,-,1772,30895.25
1794,-,1786,30921.75
1802,+,1792,30893.25
1803,-,1556,30871.5
1804,+,1800,30875.75
1804,-,1792,30893.25
1807,+,1804,30892.875
1811,+,1570,30890.25
1811,-,1564,30887.375
1811,-,1572,30868.125
1813,+,1572,30868.125
1813,-,1570,30890.25
1814,-,1572,30868.125
1815,+,1572,30868.125
1815,+,1812,30863.75
1818,-,1572,30868.125
1819,+,1816,30918.5
1820,+,1574,30864.75
1821,-,1574,30864.75
1828,+,1820,30889.375
1829,+,1826,30888.875
1829,-,1582,30849.5
1829,-,1820,30889.375
1831,+,1820,30889.375
1831,-,1826,30888.875
1834,-,1590,30921.25
1835,+,1590,30921.25
1836,-,1590,30921.25
